""Москва и МО;
""Главная > Каталог продукции > Транспорт > Коллекционные машинки > Коллекционные машинки > Wincars YK-2201 Джип с большими колёсами инерционный металлический 14 см, (в ассортименте);
""Wincars YK-2201 Джип с большими колёсами инерционный металлический 14 см, (в ассортименте);
"";
""979 руб.;
""Товар есть в наличии;
""https://cdn.toy.ru/upload/resize_cache/iblock/713/80_80_10240811ca8906714d1a9f41f2f5b358d/yk_2201.jpg?_cvc=1686372089 https://cdn.toy.ru/upload/resize_cache/iblock/596/80_80_10240811ca8906714d1a9f41f2f5b358d/yk_2201_3.jpg?_cvc=1686372089 https://cdn.toy.ru/upload/resize_cache/iblock/626/80_80_10240811ca8906714d1a9f41f2f5b358d/yk_2201.jpg?_cvc=1686372089 https://cdn.toy.ru/upload/resize_cache/iblock/a1f/80_80_10240811ca8906714d1a9f41f2f5b358d/yk_2201_2.jpg?_cvc=1686372089 https://cdn.toy.ru/upload/iblock/713/yk_2201.jpg?_cvc=1686372089 https://cdn.toy.ru/upload/iblock/596/yk_2201_3.jpg?_cvc=1686372089 https://cdn.toy.ru/upload/iblock/626/yk_2201.jpg?_cvc=1686372089 https://cdn.toy.ru/upload/iblock/a1f/yk_2201_2.jpg?_cvc=1686372089;
""https://www.toy.ru/catalog/modeli_mashin/wincars_yk_2202_retromodel_s_bolshimi_kolyesami_inertsionnaya_metallicheskaya_13_sm_v_assortimente/;
""Москва и МО;
""Главная > Каталог продукции > Транспорт > Коллекционные машинки > Коллекционные машинки > Wincars YK-2202 Ретромодель с большими колёсами инерционная металлическая 13 см, (в ассортименте);
""Wincars YK-2202 Ретромодель с большими колёсами инерционная металлическая 13 см, (в ассортименте);
"";
""899 руб.;
""Товар есть в наличии;
""https://cdn.toy.ru/upload/resize_cache/iblock/738/80_80_10240811ca8906714d1a9f41f2f5b358d/yk_2202.jpg?_cvc=1686372089 https://cdn.toy.ru/upload/resize_cache/iblock/0f5/80_80_10240811ca8906714d1a9f41f2f5b358d/yk_2202_3.jpg?_cvc=1686372089 https://cdn.toy.ru/upload/resize_cache/iblock/bda/80_80_10240811ca8906714d1a9f41f2f5b358d/yk_2202_1.jpg?_cvc=1686372089 https://cdn.toy.ru/upload/resize_cache/iblock/363/80_80_10240811ca8906714d1a9f41f2f5b358d/yk_2202_2.jpg?_cvc=1686372089 https://cdn.toy.ru/upload/resize_cache/iblock/545/80_80_10240811ca8906714d1a9f41f2f5b358d/yk_2202.jpg?_cvc=1686372089 https://cdn.toy.ru/upload/iblock/738/yk_2202.jpg?_cvc=1686372089 https://cdn.toy.ru/upload/iblock/0f5/yk_2202_3.jpg?_cvc=1686372089 https://cdn.toy.ru/upload/iblock/bda/yk_2202_1.jpg?_cvc=1686372089 https://cdn.toy.ru/upload/iblock/363/yk_2202_2.jpg?_cvc=1686372089 https://cdn.toy.ru/upload/iblock/545/yk_2202.jpg?_cvc=1686372089;
""https://www.toy.ru/catalog/modeli_mashin/wincars_yk_2203_vnedorozhnik_s_bolshimi_kolyesami_inertsionnyy_metallicheskiy_14_sm_v_assortimente/;
""Москва и МО;
""Главная > Каталог продукции > Транспорт > Коллекционные машинки > Коллекционные машинки > Wincars YK-2203 Внедорожник с большими колёсами инерционный металлический 14 см, (в ассортименте);
""Wincars YK-2203 Внедорожник с большими колёсами инерционный металлический 14 см, (в ассортименте);
"";
""899 руб.;
""Товар есть в наличии;
""https://cdn.toy.ru/upload/resize_cache/iblock/a2c/80_80_10240811ca8906714d1a9f41f2f5b358d/yk_2203.jpg?_cvc=1686372089 https://cdn.toy.ru/upload/resize_cache/iblock/a38/80_80_10240811ca8906714d1a9f41f2f5b358d/yk_2203_3_blue.jpg?_cvc=1686372089 https://cdn.toy.ru/upload/resize_cache/iblock/a70/80_80_10240811ca8906714d1a9f41f2f5b358d/yk_2203_3_green.jpg?_cvc=1686372089 https://cdn.toy.ru/upload/resize_cache/iblock/2c5/80_80_10240811ca8906714d1a9f41f2f5b358d/yk_2203_3_orange.jpg?_cvc=1686372089 https://cdn.toy.ru/upload/resize_cache/iblock/a5d/80_80_10240811ca8906714d1a9f41f2f5b358d/yk_2203_3_red.jpg?_cvc=1686372089 https://cdn.toy.ru/upload/resize_cache/iblock/16c/80_80_10240811ca8906714d1a9f41f2f5b358d/yk_2203_1_blue.jpg?_cvc=1686372089 https://cdn.toy.ru/upload/resize_cache/iblock/fd1/80_80_10240811ca8906714d1a9f41f2f5b358d/yk_2203_1_orange.jpg?_cvc=1686372089 https://cdn.toy.ru/upload/resize_cache/iblock/feb/80_80_10240811ca8906714d1a9f41f2f5b358d/yk_2203_1_red.jpg?_cvc=1686372089 https://cdn.toy.ru/upload/iblock/a2c/yk_2203.jpg?_cvc=1686372089 https://cdn.toy.ru/upload/iblock/a38/yk_2203_3_blue.jpg?_cvc=1686372089 https://cdn.toy.ru/upload/iblock/a70/yk_2203_3_green.jpg?_cvc=1686372089 https://cdn.toy.ru/upload/iblock/2c5/yk_2203_3_orange.jpg?_cvc=1686372089 https://cdn.toy.ru/upload/iblock/a5d/yk_2203_3_red.jpg?_cvc=1686372089 https://cdn.toy.ru/upload/iblock/16c/yk_2203_1_blue.jpg?_cvc=1686372089 https://cdn.toy.ru/upload/iblock/fd1/yk_2203_1_orange.jpg?_cvc=1686372089 https://cdn.toy.ru/upload/iblock/feb/yk_2203_1_red.jpg?_cvc=1686372089;
""https://www.toy.ru/catalog/modeli_mashin/wincars_yk_2204_mashinka_klassicheskaya_s_bolshimi_kolyesami_inertsionnaya_metall_13sm_v_assortiment/;
""Москва и МО;
""Главная > Каталог продукции > Транспорт > Коллекционные машинки > Коллекционные машинки > Wincars YK-2204 Машинка классическая с большими колёсами инерционная металл. 13см , (в ассортименте);
""Wincars YK-2204 Машинка классическая с большими колёсами инерционная металл. 13см , (в ассортименте);
"";
""869 руб.;
""Товар есть в наличии;
""https://cdn.toy.ru/upload/resize_cache/iblock/382/80_80_10240811ca8906714d1a9f41f2f5b358d/yk_2204.jpg?_cvc=1686372089 https://cdn.toy.ru/upload/resize_cache/iblock/63c/80_80_10240811ca8906714d1a9f41f2f5b358d/yk_2204_3.jpg?_cvc=1686372089 https://cdn.toy.ru/upload/resize_cache/iblock/b5c/80_80_10240811ca8906714d1a9f41f2f5b358d/yk_2204.jpg?_cvc=1686372089 https://cdn.toy.ru/upload/iblock/382/yk_2204.jpg?_cvc=1686372089 https://cdn.toy.ru/upload/iblock/63c/yk_2204_3.jpg?_cvc=1686372089 https://cdn.toy.ru/upload/iblock/b5c/yk_2204.jpg?_cvc=1686372089;
""https://www.toy.ru/catalog/modeli_mashin/wincars_yk_2205_mashinka_s_bolshimi_kolyesami_inertsionnaya_metall_13_sm_v_assortimente/;
""Москва и МО;
""Главная > Каталог продукции > Транспорт > Коллекционные машинки > Коллекционные машинки > Wincars YK-2205 Машинка с большими колёсами инерционная металл. 13 см (в ассортименте);
""Wincars YK-2205 Машинка с большими колёсами инерционная металл. 13 см (в ассортименте);
"";
""669 руб.;
""Товар есть в наличии;
""https://cdn.toy.ru/upload/resize_cache/iblock/8fa/80_80_10240811ca8906714d1a9f41f2f5b358d/yk_2205.jpg?_cvc=1686372089 https://cdn.toy.ru/upload/resize_cache/iblock/9d8/80_80_10240811ca8906714d1a9f41f2f5b358d/yk_2205_3_blue.jpg?_cvc=1686372089 https://cdn.toy.ru/upload/resize_cache/iblock/203/80_80_10240811ca8906714d1a9f41f2f5b358d/yk_2205_3_green.jpg?_cvc=1686372089 https://cdn.toy.ru/upload/resize_cache/iblock/bb4/80_80_10240811ca8906714d1a9f41f2f5b358d/yk_2205_3_orange.jpg?_cvc=1686372089 https://cdn.toy.ru/upload/resize_cache/iblock/0c1/80_80_10240811ca8906714d1a9f41f2f5b358d/yk_2205_3_white.jpg?_cvc=1686372089 https://cdn.toy.ru/upload/resize_cache/iblock/5fb/80_80_10240811ca8906714d1a9f41f2f5b358d/yk_2205_1_blue.jpg?_cvc=1686372089 https://cdn.toy.ru/upload/resize_cache/iblock/c50/80_80_10240811ca8906714d1a9f41f2f5b358d/yk_2205_1_orange.jpg?_cvc=1686372089 https://cdn.toy.ru/upload/resize_cache/iblock/447/80_80_10240811ca8906714d1a9f41f2f5b358d/yk_2205.jpg?_cvc=1686372089 https://cdn.toy.ru/upload/iblock/8fa/yk_2205.jpg?_cvc=1686372089 https://cdn.toy.ru/upload/iblock/9d8/yk_2205_3_blue.jpg?_cvc=1686372089 https://cdn.toy.ru/upload/iblock/203/yk_2205_3_green.jpg?_cvc=1686372089 https://cdn.toy.ru/upload/iblock/bb4/yk_2205_3_orange.jpg?_cvc=1686372089 https://cdn.toy.ru/upload/iblock/0c1/yk_2205_3_white.jpg?_cvc=1686372089 https://cdn.toy.ru/upload/iblock/5fb/yk_2205_1_blue.jpg?_cvc=1686372089 https://cdn.toy.ru/upload/iblock/c50/yk_2205_1_orange.jpg?_cvc=1686372089 https://cdn.toy.ru/upload/iblock/447/yk_2205.jpg?_cvc=1686372089;
""https://www.toy.ru/catalog/modeli_mashin/wincars_yk_2206_avtobus_s_bolshimi_kolyesami_inertsionnyy_metall_10_sm_v_assortimente/;
""Москва и МО;
""Главная > Каталог продукции > Транспорт > Коллекционные машинки > Коллекционные машинки > Wincars YK-2206 Автобус с большими колёсами инерционный металл.10 см (в ассортименте);
""Wincars YK-2206 Автобус с большими колёсами инерционный металл.10 см (в ассортименте);
"";
""639 руб.;
""Товар есть в наличии;
""https://cdn.toy.ru/upload/resize_cache/iblock/65f/80_80_10240811ca8906714d1a9f41f2f5b358d/yk_2206.jpg?_cvc=1686372089 https://cdn.toy.ru/upload/resize_cache/iblock/101/80_80_10240811ca8906714d1a9f41f2f5b358d/yk_2206_3_blue.jpg?_cvc=1686372089 https://cdn.toy.ru/upload/resize_cache/iblock/9dd/80_80_10240811ca8906714d1a9f41f2f5b358d/yk_2206_3_green.jpg?_cvc=1686372089 https://cdn.toy.ru/upload/resize_cache/iblock/579/80_80_10240811ca8906714d1a9f41f2f5b358d/yk_2206_3_red.jpg?_cvc=1686372089 https://cdn.toy.ru/upload/resize_cache/iblock/80d/80_80_10240811ca8906714d1a9f41f2f5b358d/yk_2206_3_yellow.jpg?_cvc=1686372089 https://cdn.toy.ru/upload/resize_cache/iblock/817/80_80_10240811ca8906714d1a9f41f2f5b358d/yk_2206_1_blue.jpg?_cvc=1686372089 https://cdn.toy.ru/upload/resize_cache/iblock/3d3/80_80_10240811ca8906714d1a9f41f2f5b358d/yk_2206_1_yellow.jpg?_cvc=1686372089 https://cdn.toy.ru/upload/resize_cache/iblock/243/80_80_10240811ca8906714d1a9f41f2f5b358d/yk_2206.jpg?_cvc=1686372089 https://cdn.toy.ru/upload/iblock/65f/yk_2206.jpg?_cvc=1686372089 https://cdn.toy.ru/upload/iblock/101/yk_2206_3_blue.jpg?_cvc=1686372089 https://cdn.toy.ru/upload/iblock/9dd/yk_2206_3_green.jpg?_cvc=1686372089 https://cdn.toy.ru/upload/iblock/579/yk_2206_3_red.jpg?_cvc=1686372089 https://cdn.toy.ru/upload/iblock/80d/yk_2206_3_yellow.jpg?_cvc=1686372089 https://cdn.toy.ru/upload/iblock/817/yk_2206_1_blue.jpg?_cvc=1686372089 https://cdn.toy.ru/upload/iblock/3d3/yk_2206_1_yellow.jpg?_cvc=1686372089 https://cdn.toy.ru/upload/iblock/243/yk_2206.jpg?_cvc=1686372089;
""https://www.toy.ru/catalog/modeli_mashin/wincars_yk_2207_mashinka_s_bolshimi_kolyesami_inertsionnaya_metallicheskaya_11_sm_v_assortimente/;
""Москва и МО;
""Главная > Каталог продукции > Транспорт > Коллекционные машинки > Коллекционные машинки > Wincars YK-2207 Машинка с большими колёсами инерционная металлическая 11 см, (в ассортименте);
""Wincars YK-2207 Машинка с большими колёсами инерционная металлическая 11 см, (в ассортименте);
"";
""519 руб.;
""Товар есть в наличии;
""https://cdn.toy.ru/upload/resize_cache/iblock/66c/80_80_10240811ca8906714d1a9f41f2f5b358d/yk_2207.jpg?_cvc=1686372089 https://cdn.toy.ru/upload/resize_cache/iblock/322/80_80_10240811ca8906714d1a9f41f2f5b358d/yk_2207_3_blue.jpg?_cvc=1686372089 https://cdn.toy.ru/upload/resize_cache/iblock/996/80_80_10240811ca8906714d1a9f41f2f5b358d/yk_2207_3_green.jpg?_cvc=1686372089 https://cdn.toy.ru/upload/resize_cache/iblock/2c8/80_80_10240811ca8906714d1a9f41f2f5b358d/yk_2207_3_red.jpg?_cvc=1686372089 https://cdn.toy.ru/upload/resize_cache/iblock/445/80_80_10240811ca8906714d1a9f41f2f5b358d/yk_2207_3_yellow.jpg?_cvc=1686372089 https://cdn.toy.ru/upload/resize_cache/iblock/c34/80_80_10240811ca8906714d1a9f41f2f5b358d/yk_2207.jpg?_cvc=1686372089 https://cdn.toy.ru/upload/resize_cache/iblock/66e/80_80_10240811ca8906714d1a9f41f2f5b358d/yk_2207_1_blue.jpg?_cvc=1686372089 https://cdn.toy.ru/upload/resize_cache/iblock/6ac/80_80_10240811ca8906714d1a9f41f2f5b358d/yk_2207_1_green.jpg?_cvc=1686372089 https://cdn.toy.ru/upload/iblock/66c/yk_2207.jpg?_cvc=1686372089 https://cdn.toy.ru/upload/iblock/322/yk_2207_3_blue.jpg?_cvc=1686372089 https://cdn.toy.ru/upload/iblock/996/yk_2207_3_green.jpg?_cvc=1686372089 https://cdn.toy.ru/upload/iblock/2c8/yk_2207_3_red.jpg?_cvc=1686372089 https://cdn.toy.ru/upload/iblock/445/yk_2207_3_yellow.jpg?_cvc=1686372089 https://cdn.toy.ru/upload/iblock/c34/yk_2207.jpg?_cvc=1686372089 https://cdn.toy.ru/upload/iblock/66e/yk_2207_1_blue.jpg?_cvc=1686372089 https://cdn.toy.ru/upload/iblock/6ac/yk_2207_1_green.jpg?_cvc=1686372089;
""https://www.toy.ru/catalog/toys-figurki/rev_roll_eu881021_figruka_mashinka_metal_averi_i_alley/;
""Москва и МО;
""Главная > Каталог продукции > Игровые наборы > Фигурки > Rev&Roll EU881021 Фигурка+машинка (метал) - Эйвери и Элли;
""Rev&Roll EU881021 Фигурка+машинка (метал) - Эйвери и Элли;
"";
""1 289 руб.;
""Товар есть в наличии;
""https://cdn.toy.ru/upload/resize_cache/iblock/78d/80_80_10240811ca8906714d1a9f41f2f5b358d/78_600.jpg?_cvc=1686372089 https://cdn.toy.ru/upload/resize_cache/iblock/0c5/80_80_10240811ca8906714d1a9f41f2f5b358d/855793_main.jpg?_cvc=1686372089 https://cdn.toy.ru/upload/iblock/78d/78_600.jpg?_cvc=1686372089 https://cdn.toy.ru/upload/iblock/0c5/855793_main.jpg?_cvc=1686372089;
""https://www.toy.ru/catalog/lyubimye_geroi_figures/rev_roll_eu881210_mashinka_rambl/;
""Москва и МО;
""Главная > Каталог продукции > Игровые наборы > Любимые герои > Rev&Roll EU881210 Машинка - Рамбл;
""Rev&Roll EU881210 Машинка - Рамбл;
"";
""1 579 руб.;
""Товар есть в наличии;
""https://cdn.toy.ru/upload/resize_cache/iblock/3cf/80_80_10240811ca8906714d1a9f41f2f5b358d/90_600.jpg?_cvc=1686372089 https://cdn.toy.ru/upload/resize_cache/iblock/703/80_80_10240811ca8906714d1a9f41f2f5b358d/855944_main.jpg?_cvc=1686372089 https://cdn.toy.ru/upload/iblock/3cf/90_600.jpg?_cvc=1686372089 https://cdn.toy.ru/upload/iblock/703/855944_main.jpg?_cvc=1686372089;
""https://www.toy.ru/catalog/lyubimye_geroi_figures/rev_roll_eu881250_mashinka_tipper/;
""Москва и МО;
""Главная > Каталог продукции > Игровые наборы > Любимые герои > Rev&Roll EU881250 Машинка - Типпер;
""Rev&Roll EU881250 Машинка - Типпер;
"";
""1 579 руб.;
""Товар есть в наличии;
""https://cdn.toy.ru/upload/resize_cache/iblock/81a/80_80_10240811ca8906714d1a9f41f2f5b358d/93_600.jpg?_cvc=1686372089 https://cdn.toy.ru/upload/resize_cache/iblock/4c3/80_80_10240811ca8906714d1a9f41f2f5b358d/855998_main.jpg?_cvc=1686372089 https://cdn.toy.ru/upload/iblock/81a/93_600.jpg?_cvc=1686372089 https://cdn.toy.ru/upload/iblock/4c3/855998_main.jpg?_cvc=1686372089;
""https://www.toy.ru/catalog/lyubimye_geroi_figures/rev_roll_eu881310_mashinka_figurka_akssesuary_rambl/;
""Москва и МО;
""Главная > Каталог продукции > Игровые наборы > Любимые герои > Rev&Roll EU881310 Машинка+фигурка+аксессуары - Рамбл;
""Rev&Roll EU881310 Машинка+фигурка+аксессуары - Рамбл;
"";
""2 969 руб.;
""Товар есть в наличии;
""https://cdn.toy.ru/upload/resize_cache/iblock/5d2/80_80_10240811ca8906714d1a9f41f2f5b358d/eu881310.jpg?_cvc=1686372089 https://cdn.toy.ru/upload/iblock/5d2/eu881310.jpg?_cvc=1686372089;
""https://www.toy.ru/catalog/modeli_mashin/wincars_yk_2209_mashina_puskatel_speys_loncher_3_v_1_svet_zvuk_inertsiya_v_assortimente/;
""Москва и МО;
""Главная > Каталог продукции > Транспорт > Коллекционные машинки > Коллекционные машинки > Wincars YK-2209 Машина-пускатель Спэйс-лончер 3 в 1, свет, звук, инерция (в ассортименте);
""Wincars YK-2209 Машина-пускатель Спэйс-лончер 3 в 1, свет, звук, инерция (в ассортименте);
"";
""1 499 руб.;
""Товар есть в наличии;
""https://cdn.toy.ru/upload/resize_cache/iblock/994/80_80_10240811ca8906714d1a9f41f2f5b358d/6563022_0.jpg?_cvc=1686372089 https://cdn.toy.ru/upload/resize_cache/iblock/ac3/80_80_10240811ca8906714d1a9f41f2f5b358d/6563022_1.jpg?_cvc=1686372089 https://cdn.toy.ru/upload/resize_cache/iblock/874/80_80_10240811ca8906714d1a9f41f2f5b358d/6563022_2.jpg?_cvc=1686372089 https://cdn.toy.ru/upload/resize_cache/iblock/ed0/80_80_10240811ca8906714d1a9f41f2f5b358d/6563022_3.jpg?_cvc=1686372089 https://cdn.toy.ru/upload/resize_cache/iblock/85c/80_80_10240811ca8906714d1a9f41f2f5b358d/6563022_4.jpg?_cvc=1686372089 https://cdn.toy.ru/upload/iblock/994/6563022_0.jpg?_cvc=1686372089 https://cdn.toy.ru/upload/iblock/ac3/6563022_1.jpg?_cvc=1686372089 https://cdn.toy.ru/upload/iblock/874/6563022_2.jpg?_cvc=1686372089 https://cdn.toy.ru/upload/iblock/ed0/6563022_3.jpg?_cvc=1686372089 https://cdn.toy.ru/upload/iblock/85c/6563022_4.jpg?_cvc=1686372089;
""https://www.toy.ru/catalog/lyubimye_geroi_figures/rev_roll_eu881730_figruka_mashinka_plastik_bo_i_spritser/;
""Москва и МО;
""Главная > Каталог продукции > Игровые наборы > Любимые герои > Rev&Roll EU881730 Фигурка+машинка (пластик) - Бо и Сприцер;
""Rev&Roll EU881730 Фигурка+машинка (пластик) - Бо и Сприцер;
"";
""2 099 руб.;
""Товар есть в наличии;
""https://cdn.toy.ru/upload/resize_cache/iblock/994/80_80_10240811ca8906714d1a9f41f2f5b358d/6563022_0.jpg?_cvc=1686372089 https://cdn.toy.ru/upload/resize_cache/iblock/ac3/80_80_10240811ca8906714d1a9f41f2f5b358d/6563022_1.jpg?_cvc=1686372089 https://cdn.toy.ru/upload/resize_cache/iblock/874/80_80_10240811ca8906714d1a9f41f2f5b358d/6563022_2.jpg?_cvc=1686372089 https://cdn.toy.ru/upload/resize_cache/iblock/ed0/80_80_10240811ca8906714d1a9f41f2f5b358d/6563022_3.jpg?_cvc=1686372089 https://cdn.toy.ru/upload/resize_cache/iblock/85c/80_80_10240811ca8906714d1a9f41f2f5b358d/6563022_4.jpg?_cvc=1686372089 https://cdn.toy.ru/upload/iblock/994/6563022_0.jpg?_cvc=1686372089 https://cdn.toy.ru/upload/iblock/ac3/6563022_1.jpg?_cvc=1686372089 https://cdn.toy.ru/upload/iblock/874/6563022_2.jpg?_cvc=1686372089 https://cdn.toy.ru/upload/iblock/ed0/6563022_3.jpg?_cvc=1686372089 https://cdn.toy.ru/upload/iblock/85c/6563022_4.jpg?_cvc=1686372089;
""https://www.toy.ru/catalog/mininabory/wincars_yk_2222_chistyy_gorod_podmetalno_uborochnaya_mashina_zvuk_svet/;
""Москва и МО;
""Главная > Каталог продукции > Игровые наборы > Мини наборы > Wincars YK-2222 Чистый город Подметально-уборочная машина, звук, свет;
""Wincars YK-2222 Чистый город Подметально-уборочная машина, звук, свет;
"";
""2 189 руб.;
""Товар есть в наличии;
""https://cdn.toy.ru/upload/resize_cache/iblock/869/80_80_10240811ca8906714d1a9f41f2f5b358d/yk_2222_6.jpg?_cvc=1686372089 https://cdn.toy.ru/upload/resize_cache/iblock/834/80_80_10240811ca8906714d1a9f41f2f5b358d/yk_2222_4.jpg?_cvc=1686372089 https://cdn.toy.ru/upload/resize_cache/iblock/b8c/80_80_10240811ca8906714d1a9f41f2f5b358d/yk_2222_3.jpg?_cvc=1686372089 https://cdn.toy.ru/upload/resize_cache/iblock/c12/80_80_10240811ca8906714d1a9f41f2f5b358d/yk_2222_5.jpg?_cvc=1686372089 https://cdn.toy.ru/upload/resize_cache/iblock/249/80_80_10240811ca8906714d1a9f41f2f5b358d/yk_2222.jpg?_cvc=1686372089 https://cdn.toy.ru/upload/resize_cache/iblock/da3/80_80_10240811ca8906714d1a9f41f2f5b358d/yk_2222_2.jpg?_cvc=1686372089 https://cdn.toy.ru/upload/iblock/869/yk_2222_6.jpg?_cvc=1686372089 https://cdn.toy.ru/upload/iblock/834/yk_2222_4.jpg?_cvc=1686372089 https://cdn.toy.ru/upload/iblock/b8c/yk_2222_3.jpg?_cvc=1686372089 https://cdn.toy.ru/upload/iblock/c12/yk_2222_5.jpg?_cvc=1686372089 https://cdn.toy.ru/upload/iblock/249/yk_2222.jpg?_cvc=1686372089 https://cdn.toy.ru/upload/iblock/da3/yk_2222_2.jpg?_cvc=1686372089;
""https://www.toy.ru/catalog/toys-spetstekhnika/wow_wee_5569_power_treads_vezdekhod_s_avtotrekom/;
""Москва и МО;
""Главная > Каталог продукции > Транспорт > Спецтехника > Wow Wee 5569 Power Treads Вездеход с автотреком;
""Wow Wee 5569 Power Treads Вездеход с автотреком;
""5 119 руб.;
""4 599 руб.;
""Товар есть в наличии;
""https://cdn.toy.ru/upload/resize_cache/iblock/503/80_80_10240811ca8906714d1a9f41f2f5b358d/81ufxnehcjl._ac_sl1500_.jpg?_cvc=1686372089 https://cdn.toy.ru/upload/resize_cache/iblock/a90/80_80_10240811ca8906714d1a9f41f2f5b358d/1.jpg?_cvc=1686372089 https://cdn.toy.ru/upload/resize_cache/iblock/79a/80_80_10240811ca8906714d1a9f41f2f5b358d/61grl_o_w6l._ac_sl1500_.jpg?_cvc=1686372089 https://cdn.toy.ru/upload/resize_cache/iblock/961/80_80_10240811ca8906714d1a9f41f2f5b358d/71qaofelkll._ac_sl1500_.jpg?_cvc=1686372089 https://cdn.toy.ru/upload/iblock/503/81ufxnehcjl._ac_sl1500_.jpg?_cvc=1686372089 https://cdn.toy.ru/upload/iblock/a90/1.jpg?_cvc=1686372089 https://cdn.toy.ru/upload/iblock/79a/61grl_o_w6l._ac_sl1500_.jpg?_cvc=1686372089 https://cdn.toy.ru/upload/iblock/961/71qaofelkll._ac_sl1500_.jpg?_cvc=1686372089;
""https://www.toy.ru/catalog/mashinki_iz_multfilmov/monster_jam_6061554_monstr_dzhem_tryukovaya_mashinka/;
""Москва и МО;
""Главная > Каталог продукции > Транспорт > Машинки из мультфильмов > Monster Jam 6061554 Монстр Джем Трюковая машинка;
""Monster Jam 6061554 Монстр Джем Трюковая машинка;
"";
""1 349 руб.;
""Товар есть в наличии;
""https://cdn.toy.ru/upload/resize_cache/iblock/dfe/80_80_10240811ca8906714d1a9f41f2f5b358d/1.jpg?_cvc=1686372089 https://cdn.toy.ru/upload/resize_cache/iblock/7c1/80_80_10240811ca8906714d1a9f41f2f5b358d/2.jpg?_cvc=1686372089 https://cdn.toy.ru/upload/resize_cache/iblock/9b5/80_80_10240811ca8906714d1a9f41f2f5b358d/3.jpg?_cvc=1686372089 https://cdn.toy.ru/upload/resize_cache/iblock/519/80_80_10240811ca8906714d1a9f41f2f5b358d/4.jpg?_cvc=1686372089 https://cdn.toy.ru/upload/iblock/dfe/1.jpg?_cvc=1686372089 https://cdn.toy.ru/upload/iblock/7c1/2.jpg?_cvc=1686372089 https://cdn.toy.ru/upload/iblock/9b5/3.jpg?_cvc=1686372089 https://cdn.toy.ru/upload/iblock/519/4.jpg?_cvc=1686372089;
""https://www.toy.ru/catalog/lyubimye_geroi_figures/rev_roll_eu881120_mini_mashinka_alley/;
""Москва и МО;
""Главная > Каталог продукции > Игровые наборы > Любимые герои > Rev&Roll EU881120 Мини машинка - Элли;
""Rev&Roll EU881120 Мини машинка - Элли;
""619 руб.;
""239 руб.;
""Товар есть в наличии;
""https://cdn.toy.ru/upload/resize_cache/iblock/d4d/80_80_10240811ca8906714d1a9f41f2f5b358d/84_600.jpg?_cvc=1686372089 https://cdn.toy.ru/upload/resize_cache/iblock/7cc/80_80_10240811ca8906714d1a9f41f2f5b358d/855863_main.jpg?_cvc=1686372089 https://cdn.toy.ru/upload/iblock/d4d/84_600.jpg?_cvc=1686372089 https://cdn.toy.ru/upload/iblock/7cc/855863_main.jpg?_cvc=1686372089;
""https://www.toy.ru/catalog/lyubimye_geroi_figures/rev_roll_eu881130_mini_mashinka_spritser/;
""Москва и МО;
""Главная > Каталог продукции > Игровые наборы > Любимые герои > Rev&Roll EU881130 Мини машинка - Сприцер;
""Rev&Roll EU881130 Мини машинка - Сприцер;
""619 руб.;
""239 руб.;
""Товар есть в наличии;
""https://cdn.toy.ru/upload/resize_cache/iblock/a09/80_80_10240811ca8906714d1a9f41f2f5b358d/87_600.jpg?_cvc=1686372089 https://cdn.toy.ru/upload/resize_cache/iblock/3ab/80_80_10240811ca8906714d1a9f41f2f5b358d/855920_main.jpg?_cvc=1686372089 https://cdn.toy.ru/upload/iblock/a09/87_600.jpg?_cvc=1686372089 https://cdn.toy.ru/upload/iblock/3ab/855920_main.jpg?_cvc=1686372089;
""https://www.toy.ru/catalog/lyubimye_geroi_figures/rev_roll_eu881140_mini_mashinka_kresh/;
""Москва и МО;
""Главная > Каталог продукции > Игровые наборы > Любимые герои > Rev&Roll EU881140 Мини машинка - Крэш;
""Rev&Roll EU881140 Мини машинка - Крэш;
""619 руб.;
""239 руб.;
""Товар есть в наличии;
""https://cdn.toy.ru/upload/resize_cache/iblock/dc1/80_80_10240811ca8906714d1a9f41f2f5b358d/85_600.jpg?_cvc=1686372089 https://cdn.toy.ru/upload/resize_cache/iblock/ed8/80_80_10240811ca8906714d1a9f41f2f5b358d/855864_main.jpg?_cvc=1686372089 https://cdn.toy.ru/upload/iblock/dc1/85_600.jpg?_cvc=1686372089 https://cdn.toy.ru/upload/iblock/ed8/855864_main.jpg?_cvc=1686372089;
""https://www.toy.ru/catalog/lyubimye_geroi_figures/rev_roll_eu881150_mini_mashinka_tipper/;
""Ростов-на-Дону;
""Главная > Каталог продукции > Транспорт > Коллекционные машинки > Коллекционные машинки > Wincars YK-2201 Джип с большими колёсами инерционный металлический 14 см, (в ассортименте);
""Wincars YK-2201 Джип с большими колёсами инерционный металлический 14 см, (в ассортименте);
"";
""979 руб.;
""Товар есть в наличии;
""https://cdn.toy.ru/upload/resize_cache/iblock/713/80_80_10240811ca8906714d1a9f41f2f5b358d/yk_2201.jpg?_cvc=1686372089 https://cdn.toy.ru/upload/resize_cache/iblock/596/80_80_10240811ca8906714d1a9f41f2f5b358d/yk_2201_3.jpg?_cvc=1686372089 https://cdn.toy.ru/upload/resize_cache/iblock/626/80_80_10240811ca8906714d1a9f41f2f5b358d/yk_2201.jpg?_cvc=1686372089 https://cdn.toy.ru/upload/resize_cache/iblock/a1f/80_80_10240811ca8906714d1a9f41f2f5b358d/yk_2201_2.jpg?_cvc=1686372089 https://cdn.toy.ru/upload/iblock/713/yk_2201.jpg?_cvc=1686372089 https://cdn.toy.ru/upload/iblock/596/yk_2201_3.jpg?_cvc=1686372089 https://cdn.toy.ru/upload/iblock/626/yk_2201.jpg?_cvc=1686372089 https://cdn.toy.ru/upload/iblock/a1f/yk_2201_2.jpg?_cvc=1686372089;
""https://www.toy.ru/catalog/modeli_mashin/wincars_yk_2202_retromodel_s_bolshimi_kolyesami_inertsionnaya_metallicheskaya_13_sm_v_assortimente/;
""Ростов-на-Дону;
""Главная > Каталог продукции > Транспорт > Коллекционные машинки > Коллекционные машинки > Wincars YK-2202 Ретромодель с большими колёсами инерционная металлическая 13 см, (в ассортименте);
""Wincars YK-2202 Ретромодель с большими колёсами инерционная металлическая 13 см, (в ассортименте);
"";
""899 руб.;
""Товар есть в наличии;
""https://cdn.toy.ru/upload/resize_cache/iblock/738/80_80_10240811ca8906714d1a9f41f2f5b358d/yk_2202.jpg?_cvc=1686372089 https://cdn.toy.ru/upload/resize_cache/iblock/0f5/80_80_10240811ca8906714d1a9f41f2f5b358d/yk_2202_3.jpg?_cvc=1686372089 https://cdn.toy.ru/upload/resize_cache/iblock/bda/80_80_10240811ca8906714d1a9f41f2f5b358d/yk_2202_1.jpg?_cvc=1686372089 https://cdn.toy.ru/upload/resize_cache/iblock/363/80_80_10240811ca8906714d1a9f41f2f5b358d/yk_2202_2.jpg?_cvc=1686372089 https://cdn.toy.ru/upload/resize_cache/iblock/545/80_80_10240811ca8906714d1a9f41f2f5b358d/yk_2202.jpg?_cvc=1686372089 https://cdn.toy.ru/upload/iblock/738/yk_2202.jpg?_cvc=1686372089 https://cdn.toy.ru/upload/iblock/0f5/yk_2202_3.jpg?_cvc=1686372089 https://cdn.toy.ru/upload/iblock/bda/yk_2202_1.jpg?_cvc=1686372089 https://cdn.toy.ru/upload/iblock/363/yk_2202_2.jpg?_cvc=1686372089 https://cdn.toy.ru/upload/iblock/545/yk_2202.jpg?_cvc=1686372089;
""https://www.toy.ru/catalog/modeli_mashin/wincars_yk_2203_vnedorozhnik_s_bolshimi_kolyesami_inertsionnyy_metallicheskiy_14_sm_v_assortimente/;
""Ростов-на-Дону;
""Главная > Каталог продукции > Транспорт > Коллекционные машинки > Коллекционные машинки > Wincars YK-2203 Внедорожник с большими колёсами инерционный металлический 14 см, (в ассортименте);
""Wincars YK-2203 Внедорожник с большими колёсами инерционный металлический 14 см, (в ассортименте);
"";
""899 руб.;
""Товар есть в наличии;
""https://cdn.toy.ru/upload/resize_cache/iblock/a2c/80_80_10240811ca8906714d1a9f41f2f5b358d/yk_2203.jpg?_cvc=1686372089 https://cdn.toy.ru/upload/resize_cache/iblock/a38/80_80_10240811ca8906714d1a9f41f2f5b358d/yk_2203_3_blue.jpg?_cvc=1686372089 https://cdn.toy.ru/upload/resize_cache/iblock/a70/80_80_10240811ca8906714d1a9f41f2f5b358d/yk_2203_3_green.jpg?_cvc=1686372089 https://cdn.toy.ru/upload/resize_cache/iblock/2c5/80_80_10240811ca8906714d1a9f41f2f5b358d/yk_2203_3_orange.jpg?_cvc=1686372089 https://cdn.toy.ru/upload/resize_cache/iblock/a5d/80_80_10240811ca8906714d1a9f41f2f5b358d/yk_2203_3_red.jpg?_cvc=1686372089 https://cdn.toy.ru/upload/resize_cache/iblock/16c/80_80_10240811ca8906714d1a9f41f2f5b358d/yk_2203_1_blue.jpg?_cvc=1686372089 https://cdn.toy.ru/upload/resize_cache/iblock/fd1/80_80_10240811ca8906714d1a9f41f2f5b358d/yk_2203_1_orange.jpg?_cvc=1686372089 https://cdn.toy.ru/upload/resize_cache/iblock/feb/80_80_10240811ca8906714d1a9f41f2f5b358d/yk_2203_1_red.jpg?_cvc=1686372089 https://cdn.toy.ru/upload/iblock/a2c/yk_2203.jpg?_cvc=1686372089 https://cdn.toy.ru/upload/iblock/a38/yk_2203_3_blue.jpg?_cvc=1686372089 https://cdn.toy.ru/upload/iblock/a70/yk_2203_3_green.jpg?_cvc=1686372089 https://cdn.toy.ru/upload/iblock/2c5/yk_2203_3_orange.jpg?_cvc=1686372089 https://cdn.toy.ru/upload/iblock/a5d/yk_2203_3_red.jpg?_cvc=1686372089 https://cdn.toy.ru/upload/iblock/16c/yk_2203_1_blue.jpg?_cvc=1686372089 https://cdn.toy.ru/upload/iblock/fd1/yk_2203_1_orange.jpg?_cvc=1686372089 https://cdn.toy.ru/upload/iblock/feb/yk_2203_1_red.jpg?_cvc=1686372089;
""https://www.toy.ru/catalog/modeli_mashin/wincars_yk_2204_mashinka_klassicheskaya_s_bolshimi_kolyesami_inertsionnaya_metall_13sm_v_assortiment/;
""Ростов-на-Дону;
""Главная > Каталог продукции > Транспорт > Коллекционные машинки > Коллекционные машинки > Wincars YK-2204 Машинка классическая с большими колёсами инерционная металл. 13см , (в ассортименте);
""Wincars YK-2204 Машинка классическая с большими колёсами инерционная металл. 13см , (в ассортименте);
"";
""869 руб.;
""Товар есть в наличии;
""https://cdn.toy.ru/upload/resize_cache/iblock/382/80_80_10240811ca8906714d1a9f41f2f5b358d/yk_2204.jpg?_cvc=1686372089 https://cdn.toy.ru/upload/resize_cache/iblock/63c/80_80_10240811ca8906714d1a9f41f2f5b358d/yk_2204_3.jpg?_cvc=1686372089 https://cdn.toy.ru/upload/resize_cache/iblock/b5c/80_80_10240811ca8906714d1a9f41f2f5b358d/yk_2204.jpg?_cvc=1686372089 https://cdn.toy.ru/upload/iblock/382/yk_2204.jpg?_cvc=1686372089 https://cdn.toy.ru/upload/iblock/63c/yk_2204_3.jpg?_cvc=1686372089 https://cdn.toy.ru/upload/iblock/b5c/yk_2204.jpg?_cvc=1686372089;
""https://www.toy.ru/catalog/modeli_mashin/wincars_yk_2205_mashinka_s_bolshimi_kolyesami_inertsionnaya_metall_13_sm_v_assortimente/;
""Ростов-на-Дону;
""Главная > Каталог продукции > Транспорт > Коллекционные машинки > Коллекционные машинки > Wincars YK-2205 Машинка с большими колёсами инерционная металл. 13 см (в ассортименте);
""Wincars YK-2205 Машинка с большими колёсами инерционная металл. 13 см (в ассортименте);
"";
""669 руб.;
""Товар есть в наличии;
""https://cdn.toy.ru/upload/resize_cache/iblock/8fa/80_80_10240811ca8906714d1a9f41f2f5b358d/yk_2205.jpg?_cvc=1686372089 https://cdn.toy.ru/upload/resize_cache/iblock/9d8/80_80_10240811ca8906714d1a9f41f2f5b358d/yk_2205_3_blue.jpg?_cvc=1686372089 https://cdn.toy.ru/upload/resize_cache/iblock/203/80_80_10240811ca8906714d1a9f41f2f5b358d/yk_2205_3_green.jpg?_cvc=1686372089 https://cdn.toy.ru/upload/resize_cache/iblock/bb4/80_80_10240811ca8906714d1a9f41f2f5b358d/yk_2205_3_orange.jpg?_cvc=1686372089 https://cdn.toy.ru/upload/resize_cache/iblock/0c1/80_80_10240811ca8906714d1a9f41f2f5b358d/yk_2205_3_white.jpg?_cvc=1686372089 https://cdn.toy.ru/upload/resize_cache/iblock/5fb/80_80_10240811ca8906714d1a9f41f2f5b358d/yk_2205_1_blue.jpg?_cvc=1686372089 https://cdn.toy.ru/upload/resize_cache/iblock/c50/80_80_10240811ca8906714d1a9f41f2f5b358d/yk_2205_1_orange.jpg?_cvc=1686372089 https://cdn.toy.ru/upload/resize_cache/iblock/447/80_80_10240811ca8906714d1a9f41f2f5b358d/yk_2205.jpg?_cvc=1686372089 https://cdn.toy.ru/upload/iblock/8fa/yk_2205.jpg?_cvc=1686372089 https://cdn.toy.ru/upload/iblock/9d8/yk_2205_3_blue.jpg?_cvc=1686372089 https://cdn.toy.ru/upload/iblock/203/yk_2205_3_green.jpg?_cvc=1686372089 https://cdn.toy.ru/upload/iblock/bb4/yk_2205_3_orange.jpg?_cvc=1686372089 https://cdn.toy.ru/upload/iblock/0c1/yk_2205_3_white.jpg?_cvc=1686372089 https://cdn.toy.ru/upload/iblock/5fb/yk_2205_1_blue.jpg?_cvc=1686372089 https://cdn.toy.ru/upload/iblock/c50/yk_2205_1_orange.jpg?_cvc=1686372089 https://cdn.toy.ru/upload/iblock/447/yk_2205.jpg?_cvc=1686372089;
""https://www.toy.ru/catalog/modeli_mashin/wincars_yk_2206_avtobus_s_bolshimi_kolyesami_inertsionnyy_metall_10_sm_v_assortimente/;
""Ростов-на-Дону;
""Главная > Каталог продукции > Транспорт > Коллекционные машинки > Коллекционные машинки > Wincars YK-2206 Автобус с большими колёсами инерционный металл.10 см (в ассортименте);
""Wincars YK-2206 Автобус с большими колёсами инерционный металл.10 см (в ассортименте);
"";
""639 руб.;
""Товар есть в наличии;
""https://cdn.toy.ru/upload/resize_cache/iblock/65f/80_80_10240811ca8906714d1a9f41f2f5b358d/yk_2206.jpg?_cvc=1686372089 https://cdn.toy.ru/upload/resize_cache/iblock/101/80_80_10240811ca8906714d1a9f41f2f5b358d/yk_2206_3_blue.jpg?_cvc=1686372089 https://cdn.toy.ru/upload/resize_cache/iblock/9dd/80_80_10240811ca8906714d1a9f41f2f5b358d/yk_2206_3_green.jpg?_cvc=1686372089 https://cdn.toy.ru/upload/resize_cache/iblock/579/80_80_10240811ca8906714d1a9f41f2f5b358d/yk_2206_3_red.jpg?_cvc=1686372089 https://cdn.toy.ru/upload/resize_cache/iblock/80d/80_80_10240811ca8906714d1a9f41f2f5b358d/yk_2206_3_yellow.jpg?_cvc=1686372089 https://cdn.toy.ru/upload/resize_cache/iblock/817/80_80_10240811ca8906714d1a9f41f2f5b358d/yk_2206_1_blue.jpg?_cvc=1686372089 https://cdn.toy.ru/upload/resize_cache/iblock/3d3/80_80_10240811ca8906714d1a9f41f2f5b358d/yk_2206_1_yellow.jpg?_cvc=1686372089 https://cdn.toy.ru/upload/resize_cache/iblock/243/80_80_10240811ca8906714d1a9f41f2f5b358d/yk_2206.jpg?_cvc=1686372089 https://cdn.toy.ru/upload/iblock/65f/yk_2206.jpg?_cvc=1686372089 https://cdn.toy.ru/upload/iblock/101/yk_2206_3_blue.jpg?_cvc=1686372089 https://cdn.toy.ru/upload/iblock/9dd/yk_2206_3_green.jpg?_cvc=1686372089 https://cdn.toy.ru/upload/iblock/579/yk_2206_3_red.jpg?_cvc=1686372089 https://cdn.toy.ru/upload/iblock/80d/yk_2206_3_yellow.jpg?_cvc=1686372089 https://cdn.toy.ru/upload/iblock/817/yk_2206_1_blue.jpg?_cvc=1686372089 https://cdn.toy.ru/upload/iblock/3d3/yk_2206_1_yellow.jpg?_cvc=1686372089 https://cdn.toy.ru/upload/iblock/243/yk_2206.jpg?_cvc=1686372089;
""https://www.toy.ru/catalog/modeli_mashin/wincars_yk_2207_mashinka_s_bolshimi_kolyesami_inertsionnaya_metallicheskaya_11_sm_v_assortimente/;
""Ростов-на-Дону;
""Главная > Каталог продукции > Транспорт > Коллекционные машинки > Коллекционные машинки > Wincars YK-2207 Машинка с большими колёсами инерционная металлическая 11 см, (в ассортименте);
""Wincars YK-2207 Машинка с большими колёсами инерционная металлическая 11 см, (в ассортименте);
"";
""519 руб.;
""Товар есть в наличии;
""https://cdn.toy.ru/upload/resize_cache/iblock/78d/80_80_10240811ca8906714d1a9f41f2f5b358d/78_600.jpg?_cvc=1686372089 https://cdn.toy.ru/upload/resize_cache/iblock/0c5/80_80_10240811ca8906714d1a9f41f2f5b358d/855793_main.jpg?_cvc=1686372089 https://cdn.toy.ru/upload/iblock/78d/78_600.jpg?_cvc=1686372089 https://cdn.toy.ru/upload/iblock/0c5/855793_main.jpg?_cvc=1686372089;
""https://www.toy.ru/catalog/toys-figurki/rev_roll_eu881021_figruka_mashinka_metal_averi_i_alley/;
""Ростов-на-Дону;
""Главная > Каталог продукции > Игровые наборы > Фигурки > Rev&Roll EU881021 Фигурка+машинка (метал) - Эйвери и Элли;
""Rev&Roll EU881021 Фигурка+машинка (метал) - Эйвери и Элли;
"";
""1 289 руб.;
""Товар есть в наличии;
""https://cdn.toy.ru/upload/resize_cache/iblock/78d/80_80_10240811ca8906714d1a9f41f2f5b358d/78_600.jpg?_cvc=1686372089 https://cdn.toy.ru/upload/resize_cache/iblock/0c5/80_80_10240811ca8906714d1a9f41f2f5b358d/855793_main.jpg?_cvc=1686372089 https://cdn.toy.ru/upload/iblock/78d/78_600.jpg?_cvc=1686372089 https://cdn.toy.ru/upload/iblock/0c5/855793_main.jpg?_cvc=1686372089;
""https://www.toy.ru/catalog/lyubimye_geroi_figures/rev_roll_eu881210_mashinka_rambl/;
""Ростов-на-Дону;
""Главная > Каталог продукции > Игровые наборы > Любимые герои > Rev&Roll EU881210 Машинка - Рамбл;
""Rev&Roll EU881210 Машинка - Рамбл;
"";
""1 579 руб.;
""Товар есть в наличии;
""https://cdn.toy.ru/upload/resize_cache/iblock/3cf/80_80_10240811ca8906714d1a9f41f2f5b358d/90_600.jpg?_cvc=1686372089 https://cdn.toy.ru/upload/resize_cache/iblock/703/80_80_10240811ca8906714d1a9f41f2f5b358d/855944_main.jpg?_cvc=1686372089 https://cdn.toy.ru/upload/iblock/3cf/90_600.jpg?_cvc=1686372089 https://cdn.toy.ru/upload/iblock/703/855944_main.jpg?_cvc=1686372089;
""https://www.toy.ru/catalog/lyubimye_geroi_figures/rev_roll_eu881250_mashinka_tipper/;
""Ростов-на-Дону;
""Главная > Каталог продукции > Игровые наборы > Любимые герои > Rev&Roll EU881250 Машинка - Типпер;
""Rev&Roll EU881250 Машинка - Типпер;
"";
""1 579 руб.;
""Товар есть в наличии;
""https://cdn.toy.ru/upload/resize_cache/iblock/81a/80_80_10240811ca8906714d1a9f41f2f5b358d/93_600.jpg?_cvc=1686372089 https://cdn.toy.ru/upload/resize_cache/iblock/4c3/80_80_10240811ca8906714d1a9f41f2f5b358d/855998_main.jpg?_cvc=1686372089 https://cdn.toy.ru/upload/iblock/81a/93_600.jpg?_cvc=1686372089 https://cdn.toy.ru/upload/iblock/4c3/855998_main.jpg?_cvc=1686372089;
""https://www.toy.ru/catalog/lyubimye_geroi_figures/rev_roll_eu881310_mashinka_figurka_akssesuary_rambl/;
""Ростов-на-Дону;
""Главная > Каталог продукции > Транспорт > Коллекционные машинки > Коллекционные машинки > Rev&Roll EU881310 Машинка+фигурка+аксессуары - Рамбл;
""Rev&Roll EU881310 Машинка+фигурка+аксессуары - Рамбл;
"";
""2 969 руб.;
""Товар есть в наличии;
""https://cdn.toy.ru/upload/resize_cache/iblock/5d2/80_80_10240811ca8906714d1a9f41f2f5b358d/eu881310.jpg?_cvc=1686372089 https://cdn.toy.ru/upload/iblock/5d2/eu881310.jpg?_cvc=1686372089;
""https://www.toy.ru/catalog/modeli_mashin/wincars_yk_2209_mashina_puskatel_speys_loncher_3_v_1_svet_zvuk_inertsiya_v_assortimente/;
""Ростов-на-Дону;
""Главная > Каталог продукции > Транспорт > Коллекционные машинки > Коллекционные машинки > Wincars YK-2209 Машина-пускатель Спэйс-лончер 3 в 1, свет, звук, инерция (в ассортименте);
""Wincars YK-2209 Машина-пускатель Спэйс-лончер 3 в 1, свет, звук, инерция (в ассортименте);
"";
""1 499 руб.;
""Товар есть в наличии;
""https://cdn.toy.ru/upload/resize_cache/iblock/206/80_80_10240811ca8906714d1a9f41f2f5b358d/yk_2209_red_3.jpg?_cvc=1686372089 https://cdn.toy.ru/upload/resize_cache/iblock/698/80_80_10240811ca8906714d1a9f41f2f5b358d/yk_2209_blue_3.jpg?_cvc=1686372089 https://cdn.toy.ru/upload/resize_cache/iblock/1dd/80_80_10240811ca8906714d1a9f41f2f5b358d/yk_2209_blue_4.jpg?_cvc=1686372089 https://cdn.toy.ru/upload/resize_cache/iblock/90d/80_80_10240811ca8906714d1a9f41f2f5b358d/yk_2209_blue_2.jpg?_cvc=1686372089 https://cdn.toy.ru/upload/resize_cache/iblock/d60/80_80_10240811ca8906714d1a9f41f2f5b358d/yk_2209_green_3.jpg?_cvc=1686372089 https://cdn.toy.ru/upload/resize_cache/iblock/46e/80_80_10240811ca8906714d1a9f41f2f5b358d/yk_2209_green_4.jpg?_cvc=1686372089 https://cdn.toy.ru/upload/resize_cache/iblock/b51/80_80_10240811ca8906714d1a9f41f2f5b358d/yk_2209_red_1.jpg?_cvc=1686372089 https://cdn.toy.ru/upload/resize_cache/iblock/05b/80_80_10240811ca8906714d1a9f41f2f5b358d/yk_2209_red_5.jpg?_cvc=1686372089 https://cdn.toy.ru/upload/iblock/206/yk_2209_red_3.jpg?_cvc=1686372089 https://cdn.toy.ru/upload/iblock/698/yk_2209_blue_3.jpg?_cvc=1686372089 https://cdn.toy.ru/upload/iblock/1dd/yk_2209_blue_4.jpg?_cvc=1686372089 https://cdn.toy.ru/upload/iblock/90d/yk_2209_blue_2.jpg?_cvc=1686372089 https://cdn.toy.ru/upload/iblock/d60/yk_2209_green_3.jpg?_cvc=1686372089 https://cdn.toy.ru/upload/iblock/46e/yk_2209_green_4.jpg?_cvc=1686372089 https://cdn.toy.ru/upload/iblock/b51/yk_2209_red_1.jpg?_cvc=1686372089 https://cdn.toy.ru/upload/iblock/05b/yk_2209_red_5.jpg?_cvc=1686372089;
""https://www.toy.ru/catalog/lyubimye_geroi_figures/rev_roll_eu881730_figruka_mashinka_plastik_bo_i_spritser/;
""Ростов-на-Дону;
""Главная > Каталог продукции > Игровые наборы > Любимые герои > Rev&Roll EU881730 Фигурка+машинка (пластик) - Бо и Сприцер;
""Rev&Roll EU881730 Фигурка+машинка (пластик) - Бо и Сприцер;
"";
""2 099 руб.;
""Товар есть в наличии;
""https://cdn.toy.ru/upload/resize_cache/iblock/994/80_80_10240811ca8906714d1a9f41f2f5b358d/6563022_0.jpg?_cvc=1686372089 https://cdn.toy.ru/upload/resize_cache/iblock/ac3/80_80_10240811ca8906714d1a9f41f2f5b358d/6563022_1.jpg?_cvc=1686372089 https://cdn.toy.ru/upload/resize_cache/iblock/874/80_80_10240811ca8906714d1a9f41f2f5b358d/6563022_2.jpg?_cvc=1686372089 https://cdn.toy.ru/upload/resize_cache/iblock/ed0/80_80_10240811ca8906714d1a9f41f2f5b358d/6563022_3.jpg?_cvc=1686372089 https://cdn.toy.ru/upload/resize_cache/iblock/85c/80_80_10240811ca8906714d1a9f41f2f5b358d/6563022_4.jpg?_cvc=1686372089 https://cdn.toy.ru/upload/iblock/994/6563022_0.jpg?_cvc=1686372089 https://cdn.toy.ru/upload/iblock/ac3/6563022_1.jpg?_cvc=1686372089 https://cdn.toy.ru/upload/iblock/874/6563022_2.jpg?_cvc=1686372089 https://cdn.toy.ru/upload/iblock/ed0/6563022_3.jpg?_cvc=1686372089 https://cdn.toy.ru/upload/iblock/85c/6563022_4.jpg?_cvc=1686372089;
""https://www.toy.ru/catalog/mininabory/wincars_yk_2222_chistyy_gorod_podmetalno_uborochnaya_mashina_zvuk_svet/;
""Ростов-на-Дону;
""Главная > Каталог продукции > Игровые наборы > Мини наборы > Wincars YK-2222 Чистый город Подметально-уборочная машина, звук, свет;
""Wincars YK-2222 Чистый город Подметально-уборочная машина, звук, свет;
"";
""2 189 руб.;
""Товар есть в наличии;
""https://cdn.toy.ru/upload/resize_cache/iblock/869/80_80_10240811ca8906714d1a9f41f2f5b358d/yk_2222_6.jpg?_cvc=1686372089 https://cdn.toy.ru/upload/resize_cache/iblock/834/80_80_10240811ca8906714d1a9f41f2f5b358d/yk_2222_4.jpg?_cvc=1686372089 https://cdn.toy.ru/upload/resize_cache/iblock/b8c/80_80_10240811ca8906714d1a9f41f2f5b358d/yk_2222_3.jpg?_cvc=1686372089 https://cdn.toy.ru/upload/resize_cache/iblock/c12/80_80_10240811ca8906714d1a9f41f2f5b358d/yk_2222_5.jpg?_cvc=1686372089 https://cdn.toy.ru/upload/resize_cache/iblock/249/80_80_10240811ca8906714d1a9f41f2f5b358d/yk_2222.jpg?_cvc=1686372089 https://cdn.toy.ru/upload/resize_cache/iblock/da3/80_80_10240811ca8906714d1a9f41f2f5b358d/yk_2222_2.jpg?_cvc=1686372089 https://cdn.toy.ru/upload/iblock/869/yk_2222_6.jpg?_cvc=1686372089 https://cdn.toy.ru/upload/iblock/834/yk_2222_4.jpg?_cvc=1686372089 https://cdn.toy.ru/upload/iblock/b8c/yk_2222_3.jpg?_cvc=1686372089 https://cdn.toy.ru/upload/iblock/c12/yk_2222_5.jpg?_cvc=1686372089 https://cdn.toy.ru/upload/iblock/249/yk_2222.jpg?_cvc=1686372089 https://cdn.toy.ru/upload/iblock/da3/yk_2222_2.jpg?_cvc=1686372089;
""https://www.toy.ru/catalog/toys-spetstekhnika/wow_wee_5569_power_treads_vezdekhod_s_avtotrekom/;
""Ростов-на-Дону;
""Главная > Каталог продукции > Транспорт > Спецтехника > Wow Wee 5569 Power Treads Вездеход с автотреком;
""Wow Wee 5569 Power Treads Вездеход с автотреком;
""5 119 руб.;
""4 599 руб.;
""Товар есть в наличии;
""https://cdn.toy.ru/upload/resize_cache/iblock/503/80_80_10240811ca8906714d1a9f41f2f5b358d/81ufxnehcjl._ac_sl1500_.jpg?_cvc=1686372089 https://cdn.toy.ru/upload/resize_cache/iblock/a90/80_80_10240811ca8906714d1a9f41f2f5b358d/1.jpg?_cvc=1686372089 https://cdn.toy.ru/upload/resize_cache/iblock/79a/80_80_10240811ca8906714d1a9f41f2f5b358d/61grl_o_w6l._ac_sl1500_.jpg?_cvc=1686372089 https://cdn.toy.ru/upload/resize_cache/iblock/961/80_80_10240811ca8906714d1a9f41f2f5b358d/71qaofelkll._ac_sl1500_.jpg?_cvc=1686372089 https://cdn.toy.ru/upload/iblock/503/81ufxnehcjl._ac_sl1500_.jpg?_cvc=1686372089 https://cdn.toy.ru/upload/iblock/a90/1.jpg?_cvc=1686372089 https://cdn.toy.ru/upload/iblock/79a/61grl_o_w6l._ac_sl1500_.jpg?_cvc=1686372089 https://cdn.toy.ru/upload/iblock/961/71qaofelkll._ac_sl1500_.jpg?_cvc=1686372089;
""https://www.toy.ru/catalog/mashinki_iz_multfilmov/monster_jam_6061554_monstr_dzhem_tryukovaya_mashinka/;
""Ростов-на-Дону;
""Главная > Каталог продукции > Игровые наборы > Любимые герои > Monster Jam 6061554 Монстр Джем Трюковая машинка;
""Monster Jam 6061554 Монстр Джем Трюковая машинка;
"";
""1 349 руб.;
""Товар есть в наличии;
""https://cdn.toy.ru/upload/resize_cache/iblock/dfe/80_80_10240811ca8906714d1a9f41f2f5b358d/1.jpg?_cvc=1686372089 https://cdn.toy.ru/upload/resize_cache/iblock/7c1/80_80_10240811ca8906714d1a9f41f2f5b358d/2.jpg?_cvc=1686372089 https://cdn.toy.ru/upload/resize_cache/iblock/9b5/80_80_10240811ca8906714d1a9f41f2f5b358d/3.jpg?_cvc=1686372089 https://cdn.toy.ru/upload/resize_cache/iblock/519/80_80_10240811ca8906714d1a9f41f2f5b358d/4.jpg?_cvc=1686372089 https://cdn.toy.ru/upload/iblock/dfe/1.jpg?_cvc=1686372089 https://cdn.toy.ru/upload/iblock/7c1/2.jpg?_cvc=1686372089 https://cdn.toy.ru/upload/iblock/9b5/3.jpg?_cvc=1686372089 https://cdn.toy.ru/upload/iblock/519/4.jpg?_cvc=1686372089;
""https://www.toy.ru/catalog/lyubimye_geroi_figures/rev_roll_eu881120_mini_mashinka_alley/;
""Ростов-на-Дону;
""Главная > Каталог продукции > Игровые наборы > Любимые герои > Rev&Roll EU881120 Мини машинка - Элли;
""Rev&Roll EU881120 Мини машинка - Элли;
""619 руб.;
""239 руб.;
""Товар есть в наличии;
""https://cdn.toy.ru/upload/resize_cache/iblock/d4d/80_80_10240811ca8906714d1a9f41f2f5b358d/84_600.jpg?_cvc=1686372089 https://cdn.toy.ru/upload/resize_cache/iblock/7cc/80_80_10240811ca8906714d1a9f41f2f5b358d/855863_main.jpg?_cvc=1686372089 https://cdn.toy.ru/upload/iblock/d4d/84_600.jpg?_cvc=1686372089 https://cdn.toy.ru/upload/iblock/7cc/855863_main.jpg?_cvc=1686372089;
""https://www.toy.ru/catalog/lyubimye_geroi_figures/rev_roll_eu881130_mini_mashinka_spritser/;
""Ростов-на-Дону;
""Главная > Каталог продукции > Игровые наборы > Любимые герои > Rev&Roll EU881130 Мини машинка - Сприцер;
""Rev&Roll EU881130 Мини машинка - Сприцер;
""619 руб.;
""239 руб.;
""Товар есть в наличии;
""https://cdn.toy.ru/upload/resize_cache/iblock/a09/80_80_10240811ca8906714d1a9f41f2f5b358d/87_600.jpg?_cvc=1686372089 https://cdn.toy.ru/upload/resize_cache/iblock/3ab/80_80_10240811ca8906714d1a9f41f2f5b358d/855920_main.jpg?_cvc=1686372089 https://cdn.toy.ru/upload/iblock/a09/87_600.jpg?_cvc=1686372089 https://cdn.toy.ru/upload/iblock/3ab/855920_main.jpg?_cvc=1686372089;
""https://www.toy.ru/catalog/lyubimye_geroi_figures/rev_roll_eu881140_mini_mashinka_kresh/;
""Ростов-на-Дону;
""Главная > Каталог продукции > Игровые наборы > Любимые герои > Rev&Roll EU881140 Мини машинка - Крэш;
""Rev&Roll EU881140 Мини машинка - Крэш;
""619 руб.;
""239 руб.;
""Товар есть в наличии;
""https://cdn.toy.ru/upload/resize_cache/iblock/dc1/80_80_10240811ca8906714d1a9f41f2f5b358d/85_600.jpg?_cvc=1686372089 https://cdn.toy.ru/upload/resize_cache/iblock/ed8/80_80_10240811ca8906714d1a9f41f2f5b358d/855864_main.jpg?_cvc=1686372089 https://cdn.toy.ru/upload/iblock/dc1/85_600.jpg?_cvc=1686372089 https://cdn.toy.ru/upload/iblock/ed8/855864_main.jpg?_cvc=1686372089;
""https://www.toy.ru/catalog/lyubimye_geroi_figures/rev_roll_eu881150_mini_mashinka_tipper/;
"